{
	"class_name" : "ViewTrajectory",
	"interval" : 29,
	"is_loop" : false,
	"trajectory" : 
	[
		{
			"boundingbox_max" : [ 3.9558680057525635, 8.0168304443359375, 0.76687681674957275 ],
			"boundingbox_min" : [ -3.6811532974243164, 0.39352649450302124, -1.6601176261901855 ],
			"field_of_view" : 60.0,
			"front" : [ 0.0, -1.0, 0.0 ],
			"lookat" : [ 0.13735735416412354, 4.2051784694194794, -0.4466204047203064 ],
			"up" : [ 0.0, 0.0, 1.0 ],
			"zoom" : 0.5
		}
	],
	"version_major" : 1,
	"version_minor" : 0
}