{
	"class_name" : "ViewTrajectory",
	"interval" : 29,
	"is_loop" : false,
	"trajectory" : 
	[
		{
			"boundingbox_max" : [ 3.9558680057525635, 8.8787155151367188, 2.1238360404968262 ],
			"boundingbox_min" : [ -3.9874711036682129, 0.37199351191520691, -2.2177042961120605 ],
			"field_of_view" : 60.0,
			"front" : [ 0.0, -1.0, 0.0 ],
			"lookat" : [ -0.015801548957824707, 4.6253545135259628, -0.046934127807617188 ],
			"up" : [ 0.0, 0.0, 1.0 ],
			"zoom" : 0.5
		}
	],
	"version_major" : 1,
	"version_minor" : 0
}