{
	"class_name" : "ViewTrajectory",
	"interval" : 29,
	"is_loop" : false,
	"trajectory" : 
	[
		{
			"boundingbox_max" : [ 4.541236400604248, 8.8787155151367188, 2.8941414356231689 ],
			"boundingbox_min" : [ -4.4455280303955078, -0.13847663014561784, -3.1991591453552246 ],
			"field_of_view" : 60.0,
			"front" : [ 0.0, -1.0, 0.0 ],
			"lookat" : [ 0.047854185104370117, 4.3701194424955503, -0.15250885486602783 ],
			"up" : [ 0.0, 0.0, 1.0 ],
			"zoom" : 0.5
		}
	],
	"version_major" : 1,
	"version_minor" : 0
}