{
	"class_name" : "ViewTrajectory",
	"interval" : 29,
	"is_loop" : false,
	"trajectory" : 
	[
		{
			"boundingbox_max" : [ 4.541236400604248, 8.8787155151367188, 2.8941414356231689 ],
			"boundingbox_min" : [ -3.9874711036682129, 0.29243800564835853, -3.1991591453552246 ],
			"field_of_view" : 60.0,
			"front" : [ 0.0, -1.0, 0.0 ],
			"lookat" : [ 0.27688264846801758, 4.5855767603925388, -0.15250885486602783 ],
			"up" : [ 0.0, 0.0, 1.0 ],
			"zoom" : 0.5
		}
	],
	"version_major" : 1,
	"version_minor" : 0
}