{
	"class_name" : "ViewTrajectory",
	"interval" : 29,
	"is_loop" : false,
	"trajectory" : 
	[
		{
			"boundingbox_max" : [ 1.9677886962890625, 2.9939432144165039, 0.21300125122070312 ],
			"boundingbox_min" : [ -1.4918519258499146, 0.39352649450302124, -1.443166971206665 ],
			"field_of_view" : 60.0,
			"front" : [ 0.0, -1.0, 0.0 ],
			"lookat" : [ 0.23796838521957397, 1.6937348544597626, -0.61508285999298096 ],
			"up" : [ 0.0, 0.0, 1.0 ],
			"zoom" : 0.5
		}
	],
	"version_major" : 1,
	"version_minor" : 0
}