{
	"class_name" : "ViewTrajectory",
	"interval" : 29,
	"is_loop" : false,
	"trajectory" : 
	[
		{
			"boundingbox_max" : [ 2.5168488025665283, 6.8318758010864258, 0.62081867456436157 ],
			"boundingbox_min" : [ -2.0425431728363037, 0.39352649450302124, -1.443166971206665 ],
			"field_of_view" : 60.0,
			"front" : [ 0.0, -1.0, 0.0 ],
			"lookat" : [ 0.2371528148651123, 3.6127011477947235, -0.41117414832115173 ],
			"up" : [ 0.0, 0.0, 1.0 ],
			"zoom" : 0.5
		}
	],
	"version_major" : 1,
	"version_minor" : 0
}