{
	"class_name" : "ViewTrajectory",
	"interval" : 29,
	"is_loop" : false,
	"trajectory" :
	[
		{
			"boundingbox_max" : [ 3.846041202545166, 8.3471126556396484, 2.6048226356506348 ],
			"boundingbox_min" : [ -1.7639355659484863, 1.2859213352203369, -1.2742860317230225 ],
			"field_of_view" : 60.0,
			"front" : [ 0.54395493763826397, -0.53998487644098081, 0.64228448450353459 ],
			"lookat" : [ 1.0410528182983398, 4.8165169954299927, 0.66526830196380615 ],
			"up" : [ -0.5034739041983598, 0.40231256126017989, 0.76462973447514782 ],
			"zoom" : 0.55999999999999983
		}
	],
	"version_major" : 1,
	"version_minor" : 0
}
