{
	"class_name" : "ViewTrajectory",
	"interval" : 29,
	"is_loop" : false,
	"trajectory" : 
	[
		{
			"boundingbox_max" : [ 2.253371000289917, 10.5, 1.7745043039321899 ],
			"boundingbox_min" : [ -2.3002831935882568, 1.8000000715255737, -1.7434560060501099 ],
			"field_of_view" : 60.0,
			"front" : [ 0.0024408550185524877, -0.97921992342584385, 0.20278654736609891 ],
			"lookat" : [ -0.023456096649169922, 6.1500000357627869, 0.015524148941040039 ],
			"up" : [ -0.00021566703600299486, 0.20278663125469809, 0.97922292440082348 ],
			"zoom" : 0.49999999999999978
		}
	],
	"version_major" : 1,
	"version_minor" : 0
}
