{
	"class_name" : "ViewTrajectory",
	"interval" : 29,
	"is_loop" : false,
	"trajectory" : 
	[
		{
			"boundingbox_max" : [ 2.1934640407562256, 9.429936408996582, 1.5794463157653809 ],
			"boundingbox_min" : [ -2.1493825912475586, 0.18152342736721039, -1.1429256200790405 ],
			"field_of_view" : 60.0,
			"front" : [ 0.19557663621964314, -0.9634903221114689, 0.18285562217921375 ],
			"lookat" : [ 0.022040724754333496, 4.8057299181818962, 0.21826034784317017 ],
			"up" : [ 0.042247635485072502, 0.19456089552065811, 0.97998020144802922 ],
			"zoom" : 0.31999999999999962
		}
	],
	"version_major" : 1,
	"version_minor" : 0
}
