{
	"class_name" : "ViewTrajectory",
	"interval" : 29,
	"is_loop" : false,
	"trajectory" : 
	[
		{
			"boundingbox_max" : [ 4.7254300117492676, 8.8304376602172852, 2.5016238689422607 ],
			"boundingbox_min" : [ -4.6383509635925293, -0.25343490443810823, -2.5927507877349854 ],
			"field_of_view" : 60.0,
			"front" : [ 0.0, 0.0, 1.0 ],
			"lookat" : [ 0.043539524078369141, 4.2885013778895882, -0.045563459396362305 ],
			"up" : [ 0.0, 1.0, 0.0 ],
			"zoom" : 0.69999999999999996
		}
	],
	"version_major" : 1,
	"version_minor" : 0
}