{
	"class_name" : "ViewTrajectory",
	"interval" : 29,
	"is_loop" : false,
	"trajectory" : 
	[
		{
			"boundingbox_max" : [ 3.9335737228393555, 8.0495233535766602, 0.76687681674957275 ],
			"boundingbox_min" : [ -3.6811532974243164, 0.38096913695335388, -1.6740381717681885 ],
			"field_of_view" : 60.0,
			"front" : [ 0.0, 0.0, 1.0 ],
			"lookat" : [ 0.12621021270751953, 4.215246245265007, -0.45358067750930786 ],
			"up" : [ 0.0, 1.0, 0.0 ],
			"zoom" : 0.69999999999999996
		}
	],
	"version_major" : 1,
	"version_minor" : 0
}