{
	"class_name" : "ViewTrajectory",
	"interval" : 29,
	"is_loop" : false,
	"trajectory" : 
	[
		{
			"boundingbox_max" : [ 5.0482406616210938, 8.5834674835205078, 1.2036330699920654 ],
			"boundingbox_min" : [ -3.6811532974243164, 0.3351620582666886, -3.369288444519043 ],
			"field_of_view" : 60.0,
			"front" : [ 0.0, 0.0, 1.0 ],
			"lookat" : [ 0.68354368209838867, 4.4593147708935978, -1.0828276872634888 ],
			"up" : [ 0.0, 1.0, 0.0 ],
			"zoom" : 0.69999999999999996
		}
	],
	"version_major" : 1,
	"version_minor" : 0
}