{
	"class_name" : "ViewTrajectory",
	"interval" : 29,
	"is_loop" : false,
	"trajectory" : 
	[
		{
			"boundingbox_max" : [ 4.1195363998413086, 7.6591873168945312, 2.382643461227417 ],
			"boundingbox_min" : [ -3.5571513175964355, 0.0341938217168547, -1.6631330251693726 ],
			"field_of_view" : 60.0,
			"front" : [ 0.0, 0.0, 1.0 ],
			"lookat" : [ 0.28119254112243652, 3.846690569305693, 0.35975521802902222 ],
			"up" : [ 0.0, 1.0, 0.0 ],
			"zoom" : 0.69999999999999996
		}
	],
	"version_major" : 1,
	"version_minor" : 0
}