{
	"class_name" : "ViewTrajectory",
	"interval" : 29,
	"is_loop" : false,
	"trajectory" : 
	[
		{
			"boundingbox_max" : [ 3.9335737228393555, 8.5834674835205078, 0.94301939010620117 ],
			"boundingbox_min" : [ -3.6811532974243164, 0.3351620582666886, -3.369288444519043 ],
			"field_of_view" : 60.0,
			"front" : [ 0.0, 0.0, 1.0 ],
			"lookat" : [ 0.12621021270751953, 4.4593147708935978, -1.2131345272064209 ],
			"up" : [ 0.0, 1.0, 0.0 ],
			"zoom" : 0.69999999999999996
		}
	],
	"version_major" : 1,
	"version_minor" : 0
}