{
	"class_name" : "ViewTrajectory",
	"interval" : 29,
	"is_loop" : false,
	"trajectory" : 
	[
		{
			"boundingbox_max" : [ 4.7254300117492676, 8.8304376602172852, 2.4676761627197266 ],
			"boundingbox_min" : [ -4.4455280303955078, -0.25343490443810823, -2.5927507877349854 ],
			"field_of_view" : 60.0,
			"front" : [ 0.0, 0.0, 1.0 ],
			"lookat" : [ 0.13995099067687988, 4.2885013778895882, -0.062537312507629395 ],
			"up" : [ 0.0, 1.0, 0.0 ],
			"zoom" : 0.69999999999999996
		}
	],
	"version_major" : 1,
	"version_minor" : 0
}