{
	"class_name" : "ViewTrajectory",
	"interval" : 29,
	"is_loop" : false,
	"trajectory" : 
	[
		{
			"boundingbox_max" : [ 4.1195363998413086, 8.5054969787597656, 2.382643461227417 ],
			"boundingbox_min" : [ -3.5571513175964355, -0.029682833701372147, -2.5927507877349854 ],
			"field_of_view" : 60.0,
			"front" : [ 0.0, 0.0, 1.0 ],
			"lookat" : [ 0.28119254112243652, 4.2379070725291967, -0.10505366325378418 ],
			"up" : [ 0.0, 1.0, 0.0 ],
			"zoom" : 0.69999999999999996
		}
	],
	"version_major" : 1,
	"version_minor" : 0
}