{
	"class_name" : "ViewTrajectory",
	"interval" : 29,
	"is_loop" : false,
	"trajectory" : 
	[
		{
			"boundingbox_max" : [ 1.9414747953414917, 2.9678192138671875, 0.2095835953950882 ],
			"boundingbox_min" : [ -1.4918519258499146, 0.38096913695335388, -1.443166971206665 ],
			"field_of_view" : 60.0,
			"front" : [ 0.0, 0.0, 1.0 ],
			"lookat" : [ 0.22481143474578857, 1.6743941754102707, -0.61679168790578842 ],
			"up" : [ 0.0, 1.0, 0.0 ],
			"zoom" : 0.69999999999999996
		}
	],
	"version_major" : 1,
	"version_minor" : 0
}