{
	"class_name" : "ViewTrajectory",
	"interval" : 29,
	"is_loop" : false,
	"trajectory" : 
	[
		{
			"boundingbox_max" : [ 2.5205638408660889, 6.8318758010864258, 0.62081867456436157 ],
			"boundingbox_min" : [ -2.0435173511505127, 0.38096913695335388, -1.443166971206665 ],
			"field_of_view" : 60.0,
			"front" : [ 0.0, 0.0, 1.0 ],
			"lookat" : [ 0.23852324485778809, 3.6064224690198898, -0.41117414832115173 ],
			"up" : [ 0.0, 1.0, 0.0 ],
			"zoom" : 0.69999999999999996
		}
	],
	"version_major" : 1,
	"version_minor" : 0
}