{
	"class_name" : "ViewTrajectory",
	"interval" : 29,
	"is_loop" : false,
	"trajectory" : 
	[
		{
			"boundingbox_max" : [ 3.3820750886037372, 7.6400151252746582, 0.92757630348205566 ],
			"boundingbox_min" : [ -2.5627028942108154, 0.17082309177957097, -1.6631330251693726 ],
			"field_of_view" : 60.0,
			"front" : [ 0.0, 0.0, 1.0 ],
			"lookat" : [ 0.40968609719646087, 3.9054191085271146, -0.36777836084365845 ],
			"up" : [ 0.0, 1.0, 0.0 ],
			"zoom" : 0.69999999999999996
		}
	],
	"version_major" : 1,
	"version_minor" : 0
}