{
	"class_name" : "ViewTrajectory",
	"interval" : 29,
	"is_loop" : false,
	"trajectory" : 
	[
		{
			"boundingbox_max" : [ 4.9229369163513184, 8.8304376602172852, 3.3378534317016602 ],
			"boundingbox_min" : [ -4.6383509635925293, -0.25343490443810823, -3.1642217636108398 ],
			"field_of_view" : 60.0,
			"front" : [ 0.0, 0.0, 1.0 ],
			"lookat" : [ 0.14229297637939453, 4.2885013778895882, 0.086815834045410156 ],
			"up" : [ 0.0, 1.0, 0.0 ],
			"zoom" : 0.69999999999999996
		}
	],
	"version_major" : 1,
	"version_minor" : 0
}