{
	"class_name" : "ViewTrajectory",
	"interval" : 29,
	"is_loop" : false,
	"trajectory" : 
	[
		{
			"boundingbox_max" : [ 3.3820750886037372, 7.6591873168945312, 2.382643461227417 ],
			"boundingbox_min" : [ -3.5571513175964355, 0.17082309177957097, -1.6631330251693726 ],
			"field_of_view" : 60.0,
			"front" : [ 0.0, 0.0, 1.0 ],
			"lookat" : [ -0.087538114496349184, 3.9150052043370511, 0.35975521802902222 ],
			"up" : [ 0.0, 1.0, 0.0 ],
			"zoom" : 0.69999999999999996
		}
	],
	"version_major" : 1,
	"version_minor" : 0
}