{
	"class_name" : "ViewTrajectory",
	"interval" : 29,
	"is_loop" : false,
	"trajectory" : 
	[
		{
			"boundingbox_max" : [ 2.2696315356373864, 3.7848291397094727, 0.92757630348205566 ],
			"boundingbox_min" : [ -1.6766106223327664, 0.17082309177957097, -1.5100678205490112 ],
			"field_of_view" : 60.0,
			"front" : [ 0.0, 0.0, 1.0 ],
			"lookat" : [ 0.29651045665231002, 1.9778261157445218, -0.29124575853347778 ],
			"up" : [ 0.0, 1.0, 0.0 ],
			"zoom" : 0.69999999999999996
		}
	],
	"version_major" : 1,
	"version_minor" : 0
}