{
	"class_name" : "ViewTrajectory",
	"interval" : 29,
	"is_loop" : false,
	"trajectory" : 
	[
		{
			"boundingbox_max" : [ 5.0482406616210938, 8.8760776519775391, 2.8903164863586426 ],
			"boundingbox_min" : [ -3.9996705055236816, 0.3351620582666886, -3.369288444519043 ],
			"field_of_view" : 60.0,
			"front" : [ 0.0, 0.0, 1.0 ],
			"lookat" : [ 0.52428507804870605, 4.6056198551221135, -0.2394859790802002 ],
			"up" : [ 0.0, 1.0, 0.0 ],
			"zoom" : 0.69999999999999996
		}
	],
	"version_major" : 1,
	"version_minor" : 0
}