{
	"class_name" : "ViewTrajectory",
	"interval" : 29,
	"is_loop" : false,
	"trajectory" : 
	[
		{
			"boundingbox_max" : [ 0.67720991373062134, 2.069218635559082, -0.039742894470691681 ],
			"boundingbox_min" : [ -0.87844347953796387, 0.93375539779663086, -1.3235201835632324 ],
			"field_of_view" : 60.0,
			"front" : [ 0.0, 0.0, 1.0 ],
			"lookat" : [ -0.10061678290367126, 1.5014870166778564, -0.68163153901696205 ],
			"up" : [ 0.0, 1.0, 0.0 ],
			"zoom" : 0.69999999999999996
		}
	],
	"version_major" : 1,
	"version_minor" : 0
}