{
	"class_name" : "ViewTrajectory",
	"interval" : 29,
	"is_loop" : false,
	"trajectory" : 
	[
		{
			"boundingbox_max" : [ 1.6496317386627197, 3.7848291397094727, -0.039742894470691681 ],
			"boundingbox_min" : [ -1.4475862979888916, 0.45430099964141846, -1.5100678205490112 ],
			"field_of_view" : 60.0,
			"front" : [ 0.0, 0.0, 1.0 ],
			"lookat" : [ 0.10102272033691406, 2.1195650696754456, -0.77490535750985146 ],
			"up" : [ 0.0, 1.0, 0.0 ],
			"zoom" : 0.69999999999999996
		}
	],
	"version_major" : 1,
	"version_minor" : 0
}