{
	"class_name" : "ViewTrajectory",
	"interval" : 29,
	"is_loop" : false,
	"trajectory" : 
	[
		{
			"boundingbox_max" : [ 4.1195363998413086, 8.5565204620361328, 2.4676761627197266 ],
			"boundingbox_min" : [ -3.5571513175964355, -0.0726486484437735, -2.5927507877349854 ],
			"field_of_view" : 60.0,
			"front" : [ 0.0, 0.0, 1.0 ],
			"lookat" : [ 0.28119254112243652, 4.2419359067961793, -0.062537312507629395 ],
			"up" : [ 0.0, 1.0, 0.0 ],
			"zoom" : 0.69999999999999996
		}
	],
	"version_major" : 1,
	"version_minor" : 0
}